"year","nmds1"
2014,0.0725803120899365
2015,0.198055161211537
2016,-0.399660838406214
2019,0.050512572590425
2020,0.364437216463971
2021,-0.285924423949655
