"year","nmds1"
2014,-0.363505912748841
2015,0.116855652512311
2016,-0.202392347429623
2019,-0.0775738460192687
2020,-0.119174045414195
2021,0.195342848662117
2023,0.450447650437498
